outcome,term,log_odds,odds_ratio,or_low,or_high,p
judge,Intercept,2.2072656714300978,9.090825075300744,6.8548128379412985,12.05621546547388,5.294445901282351e-53
judge,cat_Arts_and_culture,0.5876088850903758,1.799680024782272,0.8913954733223427,3.6334581995673876,0.10116281237782498
judge,cat_Business_and_economy,0.11475585749986689,1.1215995740182834,0.6746150380332055,1.8647458676663453,0.6581785217845082
judge,cat_Disasters_and_accidents,-0.4754165292153074,0.6216260771104173,0.41603906493568166,0.9288045578206114,0.02031650242767166
judge,cat_International_relations,0.10163927258951737,1.106984080195833,0.7443627440659807,1.6462588483584737,0.6156984623268555
judge,cat_Law_and_crime,-0.050670317526446636,0.9505920124039166,0.6851951879994767,1.3187850555173748,0.7616210391432314
judge,cat_Other_small_categories,0.10401324843753132,1.1096151554852738,0.5948913714106898,2.069698523888329,0.7436511584264338
judge,cat_Politics_and_elections,-0.28988578304541796,0.7483490368454055,0.5110851656254096,1.0957592170810664,0.13623861682702862
judge,cat_Sports,0.06778041142566629,1.0701302942908288,0.6423649392957181,1.7827542829696423,0.7946391978156317
judge,quant,-0.5662112867887065,0.5676721164057076,0.4568035040659074,0.7054491239148657,3.269130522615009e-07
judge,age30,0.051727563980320045,1.0530888041068005,0.9997432410803933,1.1092808470869295,0.05114249652460451
judge,mdl_Claude_Sonnet_5,-0.4037045973491216,0.6678413742452868,0.575612202258088,0.7748482388041076,1.01464139087022e-07
judge,mdl_DeepSeek_V4,-0.30906489097263823,0.7341331298677289,0.6336405413461235,0.8505633986493737,3.8726135102384366e-05
judge,mdl_GLM_5_2,-0.4050126888930048,0.6669683477147789,0.5758675333589294,0.7724810847707853,6.479529045795747e-08
judge,arm_No_search,-1.7646779717952312,0.17124192233564584,0.14320351785174287,0.2047700811062895,2.3414703313574456e-83
judge,arm_Wide,0.10111971833295318,1.1064090912869204,0.9609333767040191,1.2739083759179295,0.1597508748138371
judge,arm_Native,-0.26838296312319215,0.7646149057138751,0.6515865892384143,0.897249826340304,0.001007544700828279
judge,ix_Claude_Sonnet_5__No_search,-0.7776714226043102,0.45947468894760946,0.37585109839565584,0.5617037988838364,3.2677616945689274e-14
judge,ix_Claude_Sonnet_5__Wide,0.113285902361687,1.1199520841262443,0.926029202157367,1.354485007402139,0.24289560687620426
judge,ix_Claude_Sonnet_5__Native,0.2407498960372337,1.2722028125506402,1.0419099467812918,1.5533972021878586,0.01813175920198279
judge,ix_DeepSeek_V4__No_search,-2.1905359222207537,0.1118567860139513,0.08518399654734307,0.14688135194991792,5.77658358262676e-56
judge,ix_DeepSeek_V4__Wide,0.06630338156548374,1.068550846624704,0.8828395844572771,1.293327725584813,0.49607360520121657
judge,ix_GLM_5_2__No_search,-3.1760196736859077,0.04175150945675977,0.028146580309465156,0.06193251623294712,3.836241542479268e-56
judge,ix_GLM_5_2__Wide,0.03899918595715598,1.0397696372327807,0.8670090541474675,1.2469545656293723,0.673999532945933
gated,Intercept,-1.0545829450981616,0.34833767295038726,0.23758887786574734,0.5107104991044875,6.592662011763323e-08
gated,cat_Arts_and_culture,0.3108257357901949,1.3645514079927468,0.48602663218511416,3.8310669040576424,0.555099817935488
gated,cat_Business_and_economy,-0.15821308380055835,0.8536678597948564,0.39001499503422177,1.8685148625703143,0.6922156183955288
gated,cat_Disasters_and_accidents,-0.13479278009380213,0.8738969817773136,0.5020537209115502,1.5211438596110776,0.6336072971673206
gated,cat_International_relations,-0.1160128291755169,0.8904637993078198,0.42999351136875025,1.8440412632127523,0.7547757878110584
gated,cat_Law_and_crime,0.23348442043964243,1.2629931508596084,0.7682024985938722,2.076472937849158,0.3573524677497327
gated,cat_Other_small_categories,0.5036179047349657,1.6546969904663196,0.726473213041835,3.768923727819021,0.23048532225820995
gated,cat_Politics_and_elections,0.15837650642004703,1.1716072293198905,0.7022276568098523,1.9547271977730112,0.5442339004722616
gated,cat_Sports,1.262924007536079,3.535744931921836,1.7134165454432617,7.296236432908266,0.0006334984178251183
gated,quant,0.9166450512136369,2.5008859552949834,1.7183101045340505,3.6398730036495355,1.6926524620061006e-06
gated,age30,-0.026054845198123913,0.9742816534730918,0.9041422850998617,1.0498621245099942,0.49429305895494813
gated,mdl_Claude_Sonnet_5,-0.286667311755137,0.7507614568053602,0.6818328876217203,0.8266582255815369,5.403420890136772e-09
gated,mdl_DeepSeek_V4,-0.27045777886858907,0.7630301153109005,0.6937293457283705,0.8392537528595947,2.5881568533441188e-08
gated,mdl_GLM_5_2,-0.27814772127406806,0.7571849609253115,0.6887237740244202,0.832451392960245,8.787419328148158e-09
gated,arm_No_search,-0.738843549506506,0.477665993307878,0.4159889432584372,0.5484876578102994,1.1334859319933266e-25
gated,arm_Wide,-0.0064220438226189735,0.9935985334279122,0.922635485285453,1.0700195921086404,0.8651147410951018
gated,arm_Native,-0.14309644511111136,0.8666704787340042,0.7936209676303607,0.9464438936785635,0.00144665821705675
gated,ix_Claude_Sonnet_5__No_search,-0.7014704449716601,0.4958556390258658,0.40876990627303,0.6014944128238338,1.0892887840946685e-12
gated,ix_Claude_Sonnet_5__Wide,-0.001300700674864266,0.9987001448696187,0.8931588272239531,1.1167128946848621,0.9817898754950378
gated,ix_Claude_Sonnet_5__Native,0.10139765414637283,1.1067166447357613,0.9820601338542285,1.24719626580116,0.09630137920001883
gated,ix_DeepSeek_V4__No_search,-1.8480119030593705,0.15755007999122486,0.11424769315644032,0.21726502320928565,1.836217389001331e-29
gated,ix_DeepSeek_V4__Wide,0.027678680243710625,1.0280652936541208,0.923662067001604,1.1442694095331924,0.6124447075175861
gated,ix_GLM_5_2__No_search,-2.9829074659181396,0.050645369908644516,0.028960799528035507,0.08856639094857971,1.3123790244081282e-25
gated,ix_GLM_5_2__Wide,0.008129778712327708,1.0081629150995797,0.9109977838649252,1.1156914773930824,0.8750662055153737
