outcome,spec,term,estimate,se,ci_low,ci_high,z,p,std_effect,n_obs,n_groups
judge,treatment_only_all_arms,Intercept,0.8997511457863832,0.01769744804272531,0.8650647850043727,0.9344375065683936,50.84072820070991,0.0,1.880327121843042,18606,1129
judge,treatment_only_all_arms,cat_Arts_and_culture,0.05339972858076542,0.04282088016427071,-0.030527654327510763,0.13732711148904161,1.2470488316893962,0.21237959305104537,0.11159636575034619,18606,1129
judge,treatment_only_all_arms,cat_Business_and_economy,0.021878433616503008,0.036334027315725,-0.049334951335612526,0.09309181856861853,0.6021472221174404,0.5470761435399454,0.04572221141946752,18606,1129
judge,treatment_only_all_arms,cat_Disasters_and_accidents,-0.059740118917381735,0.026703706477123904,-0.11207842186627355,-0.007401815968489919,-2.2371470780117706,0.025276728900013055,-0.12484670499008269,18606,1129
judge,treatment_only_all_arms,cat_International_relations,0.028353467025430346,0.02519445487006032,-0.02102675713000765,0.07773369118086834,1.1253852155826565,0.26042583327210855,0.05925393181867275,18606,1129
judge,treatment_only_all_arms,cat_Law_and_crime,0.02112639351726951,0.021092727574514327,-0.020214592864493463,0.06246737989903248,1.0015960924274137,0.316538709003622,0.044150575304387756,18606,1129
judge,treatment_only_all_arms,cat_Other_small_categories,0.03030983057495036,0.041494478053877105,-0.05101785196793644,0.11163751311783716,0.7304545567628441,0.46511238069297256,0.06334239945728021,18606,1129
judge,treatment_only_all_arms,cat_Politics_and_elections,-0.012790591047999733,0.022797558328861236,-0.0574729843080189,0.031891802212019434,-0.5610509188524417,0.5747628258212903,-0.02673016351753191,18606,1129
judge,treatment_only_all_arms,cat_Sports,0.034096324768831864,0.03504699156964247,-0.03459451647414628,0.10278716601181001,0.9728745105290557,0.3306156747597606,0.07125552939637447,18606,1129
judge,treatment_only_all_arms,quant,-0.10189509106573165,0.014495269353241006,-0.13030529694429122,-0.07348488518717208,-7.029541058024483,2.0721397308022062e-12,-0.2129434390951586,18606,1129
judge,treatment_only_all_arms,age30,0.00028037401193239616,0.003161770374063269,-0.005916582048617346,0.006477330072482138,0.08867627270859667,0.9293391898684613,0.0005859340789565325,18606,1129
judge,treatment_only_all_arms,mdl_Claude_Sonnet_5,-0.05644275437833675,0.011710171095579069,-0.07939426797847367,-0.03349124077819983,-4.819976917301023,1.4357483252210942e-06,-0.1179557729780419,18606,1129
judge,treatment_only_all_arms,mdl_DeepSeek_V4,-0.042136945071544425,0.011709696816791945,-0.06508752910233995,-0.019186361040748896,-3.5984659321938364,0.0003200997713359638,-0.08805906057545203,18606,1129
judge,treatment_only_all_arms,mdl_GLM_5_2,-0.05717650822524824,0.011710171095579305,-0.08012802182538561,-0.034224994625110854,-4.882636449849387,1.046767561338239e-06,-0.11948919393067485,18606,1129
judge,treatment_only_all_arms,arm_No_search,-0.34160088745779243,0.011710171095579053,-0.3645524010579293,-0.31864937385765557,-29.17129772653426,4.48598699207688e-187,-0.7138878528141804,18606,1129
judge,treatment_only_all_arms,arm_Wide,0.01203912716322767,0.011709696816791692,-0.010911456867567363,0.0349897111940227,1.0281331234779345,0.303887211409563,0.025159731592838463,18606,1129
judge,treatment_only_all_arms,arm_Native,-0.03611738148989434,0.011709696816792204,-0.05906796552069037,-0.013166797459098302,-3.0843993704517163,0.002039635964679509,-0.07547919477895702,18606,1129
judge,treatment_only_all_arms,ix_Claude_Sonnet_5__No_search,-0.20392206212835992,0.016560347418726088,-0.2363797466405339,-0.17146437761618594,-12.313875848870731,7.627051730884545e-35,-0.42616248499132503,18606,1129
judge,treatment_only_all_arms,ix_Claude_Sonnet_5__Wide,0.019572927440787317,0.01656034741872609,-0.012884757071386675,0.05203061195296131,1.1819152669861661,0.2372393235779907,0.04090409497462993,18606,1129
judge,treatment_only_all_arms,ix_Claude_Sonnet_5__Native,0.03160670309608951,0.016560073309077907,-0.0008504441710462246,0.06406385036322525,1.9086088875441956,0.056312564568028585,0.06605264282456108,18606,1129
judge,treatment_only_all_arms,ix_DeepSeek_V4__No_search,-0.3845089695775623,0.016560347418726463,-0.41696665408973704,-0.3520512850653876,-23.218653561745874,2.950857234074817e-119,-0.8035584588855473,18606,1129
judge,treatment_only_all_arms,ix_DeepSeek_V4__Wide,0.01202978136294407,0.016560347418726463,-0.02042790314923065,0.04448746587511879,0.7264208327743642,0.467580823742207,0.025140200457111794,18606,1129
judge,treatment_only_all_arms,ix_GLM_5_2__No_search,-0.4221405877632103,0.016561353485406355,-0.4546002441298436,-0.38968093139657695,-25.489498073644462,2.5775030896009723e-143,-0.882202151249475,18606,1129
judge,treatment_only_all_arms,ix_GLM_5_2__Wide,0.009763394572040833,0.016561311428984045,-0.022696179365519473,0.04222296850960114,0.5895302804917889,0.5555056054943375,0.020403836884273465,18606,1129
gated,treatment_only_all_arms,Intercept,0.3836679254307643,0.023579478628819064,0.33745299654404703,0.4298828543174815,16.27126415602089,1.578646489755123e-59,0.8405103930047075,18606,1129
gated,treatment_only_all_arms,cat_Arts_and_culture,0.09591296859766169,0.06057354610585628,-0.022809000185693068,0.21463493738101644,1.5834134661696613,0.1133272556856561,0.21011880740293085,18606,1129
gated,treatment_only_all_arms,cat_Business_and_economy,-0.05417684679272118,0.05145448163200897,-0.15502577763463649,0.04667208404919414,-1.0529082224592594,0.2923830572486892,-0.11868649884761674,18606,1129
gated,treatment_only_all_arms,cat_Disasters_and_accidents,-0.08878702619420886,0.03775702752491694,-0.16278944030633358,-0.014784612082084161,-2.351536442735482,0.018696058129419994,-0.19450783694369742,18606,1129
gated,treatment_only_all_arms,cat_International_relations,0.04786823803530002,0.035621977447001366,-0.02194955481892072,0.11768603088952076,1.3437838510374314,0.17901829305837358,0.10486608052607042,18606,1129
gated,treatment_only_all_arms,cat_Law_and_crime,0.015518454949461807,0.02982708681080351,-0.04294156096346273,0.07397847086238635,0.52028061097274,0.6028680077192216,0.033996646067698914,18606,1129
gated,treatment_only_all_arms,cat_Other_small_categories,0.060483646867373925,0.05864344598194755,-0.05445539518656342,0.17542268892131127,1.0313794807691357,0.3023628993691134,0.1325029548450704,18606,1129
gated,treatment_only_all_arms,cat_Politics_and_elections,0.02127888275939342,0.032250394803518226,-0.04193072954270001,0.08448849506148685,0.6598022408417799,0.50938074513573,0.046616151430219986,18606,1129
gated,treatment_only_all_arms,cat_Sports,0.1844139382374932,0.0495267370519542,0.08734331734387751,0.28148455913110887,3.7235228729896046,0.0001964620529589633,0.40399997349143146,18606,1129
gated,treatment_only_all_arms,quant,0.04597741362341108,0.02049810554870089,0.0058018649966566985,0.08615296225016547,2.243007945986745,0.024896302108398483,0.10072380679350515,18606,1129
gated,treatment_only_all_arms,age30,-0.0038527693962734596,0.004474573235271618,-0.0126227717835927,0.0049172329910457824,-0.8610361689698853,0.38921812286787105,-0.008440352984374476,18606,1129
gated,treatment_only_all_arms,mdl_Claude_Sonnet_5,-0.06533432830378126,0.01101602248829902,-0.08692533563373064,-0.04374332097383188,-5.930845581803956,3.013785490822179e-09,-0.1431294573234255,18606,1129
gated,treatment_only_all_arms,mdl_DeepSeek_V4,-0.06170052671180099,0.011015012710478797,-0.08328955491359036,-0.040111498510011626,-5.601493918668298,2.1251224497341077e-08,-0.13516880228366085,18606,1129
gated,treatment_only_all_arms,mdl_GLM_5_2,-0.06333384325375196,0.011016022488299393,-0.08492485058370208,-0.041742835923801846,-5.749247817987087,8.964134713719937e-09,-0.13874694743883628,18606,1129
gated,treatment_only_all_arms,arm_No_search,-0.15738952421687133,0.011016022488299223,-0.17898053154682111,-0.13579851688692154,-14.287327788595581,2.624897855577399e-46,-0.3447969509200443,18606,1129
gated,treatment_only_all_arms,arm_Wide,-0.001504890895400487,0.01101501271047861,-0.023093919097189483,0.020084137306388507,-0.1366218028935074,0.8913297418829382,-0.003296800055678686,18606,1129
gated,treatment_only_all_arms,arm_Native,-0.03310759969901144,0.011015012710478103,-0.05469662790079945,-0.011518571497223438,-3.0056796636755236,0.0026498799833689904,-0.07252960122537082,18606,1129
gated,treatment_only_all_arms,ix_Claude_Sonnet_5__No_search,-0.07662101001939704,0.015578294401978401,-0.10715390598783665,-0.04608811405095743,-4.918446656757648,8.723368168186613e-07,-0.1678554577412613,18606,1129
gated,treatment_only_all_arms,ix_Claude_Sonnet_5__Wide,-0.00012842564655424863,0.015578294401978391,-0.030661321614993835,0.030404470321885337,-0.00824388365249658,0.9934224070166788,-0.0002813450995049997,18606,1129
gated,treatment_only_all_arms,ix_Claude_Sonnet_5__Native,0.024023366616062487,0.015577710794309184,-0.0065083855023643535,0.05455511873448933,1.5421628333759188,0.12303402924181889,0.05262855708642402,18606,1129
gated,treatment_only_all_arms,ix_DeepSeek_V4__No_search,-0.15713267292383543,0.01557829440197872,-0.18766556889227565,-0.1265997769553952,-10.08664163542042,6.32981381531839e-24,-0.34423426072119334,18606,1129
gated,treatment_only_all_arms,ix_DeepSeek_V4__Wide,0.006147989228173523,0.015578294401978715,-0.0243849067402667,0.03668088519661374,0.39465098485958905,0.693100480854584,0.0134685453222577,18606,1129
gated,treatment_only_all_arms,ix_GLM_5_2__No_search,-0.1840922833946767,0.01558043631696004,-0.21462937743933827,-0.15355518935001514,-11.815605137725417,3.2420608007568915e-32,-0.40329531662431384,18606,1129
gated,treatment_only_all_arms,ix_GLM_5_2__Wide,0.0017576835901734742,0.015580346782169416,-0.0287792349695231,0.03229460214987005,0.11281415072128025,0.9101778993130103,0.0038505989873819438,18606,1129
used_searches,treatment_only_all_arms,Intercept,2.089709614278492,0.03777352447068178,2.0156748667468136,2.1637443618101706,55.32207130686036,0.0,1.5835929947552996,18606,1129
used_searches,treatment_only_all_arms,cat_Arts_and_culture,-0.260380945945666,0.0894268084678088,-0.4356542697949328,-0.08510762209639924,-2.9116654212186943,0.0035950749036438422,-0.19731805756642487,18606,1129
used_searches,treatment_only_all_arms,cat_Business_and_economy,-0.06348621342762653,0.07584567353702208,-0.21214100194337246,0.0851685750881194,-0.8370446258432579,0.402567484329298,-0.048110188210164835,18606,1129
used_searches,treatment_only_all_arms,cat_Disasters_and_accidents,0.0015922798874675574,0.0557783507442265,-0.1077312786882593,0.11091583846319442,0.0285465573331311,0.977226235761097,0.001206638117686021,18606,1129
used_searches,treatment_only_all_arms,cat_International_relations,-0.11909060480785413,0.05262646405254369,-0.22223657898453159,-0.01594463063117668,-2.262941410788132,0.023639301212650683,-0.09024748999874985,18606,1129
used_searches,treatment_only_all_arms,cat_Law_and_crime,-0.12504471497663264,0.04405605131786944,-0.21139298886070512,-0.03869644109256015,-2.838309635932207,0.004535316327565968,-0.09475954616619701,18606,1129
used_searches,treatment_only_all_arms,cat_Other_small_categories,-0.08639077546471664,0.08668908560228533,-0.25629826109790566,0.08351671016847236,-0.9965588501078754,0.31897868822178643,-0.06546738642662489,18606,1129
used_searches,treatment_only_all_arms,cat_Politics_and_elections,-0.11266000426006914,0.04760933814739257,-0.20597259235674747,-0.019347416163390807,-2.366342584122632,0.017964812180283795,-0.08537434690271355,18606,1129
used_searches,treatment_only_all_arms,cat_Sports,-0.09973754002586906,0.07322191184845399,-0.24324985012800554,0.043774770076267414,-1.3621269577376505,0.1731578220674963,-0.07558163518026656,18606,1129
used_searches,treatment_only_all_arms,quant,0.05553941674921071,0.030275751878863718,-0.0037999665382330503,0.11487880003665446,1.8344521044903994,0.0665869112359255,0.04208806366965589,18606,1129
used_searches,treatment_only_all_arms,age30,0.00876724580908672,0.006601867139845854,-0.00417217601572961,0.021706667633903047,1.3279948874117187,0.18417979589650957,0.006643865229744415,18606,1129
used_searches,treatment_only_all_arms,mdl_Claude_Sonnet_5,0.12611859368750375,0.027013808646975456,0.07317250165417516,0.17906468572083234,4.668671320496095,3.031539210206596e-06,0.09557333713128262,18606,1129
used_searches,treatment_only_all_arms,mdl_DeepSeek_V4,0.5319789315274863,0.02701291228702992,0.47903459632736817,0.5849232667276044,19.693505308678347,2.451254815573427e-86,0.40313644707769725,18606,1129
used_searches,treatment_only_all_arms,mdl_GLM_5_2,0.4758377644765765,0.02701380864697466,0.4228916724432495,0.5287838565099036,17.6146122412793,1.9028859846740091e-69,0.360592373847741,18606,1129
used_searches,treatment_only_all_arms,arm_No_search,-2.044102039887651,0.027013808646975185,-2.097048131920979,-1.991155947854323,-75.66878356919638,0.0,-1.5490313337380803,18606,1129
used_searches,treatment_only_all_arms,arm_Wide,-0.28141459744169556,0.02701291228703044,-0.3343589326418147,-0.2284702622415764,-10.41778074320441,2.0569684820044994e-25,-0.21325746988268449,18606,1129
used_searches,treatment_only_all_arms,arm_Native,-0.3589164785553048,0.027012912287030684,-0.41186081375542444,-0.30597214335518513,-13.286848701893803,2.7595760384959188e-40,-0.2719888051712216,18606,1129
used_searches,treatment_only_all_arms,ix_Claude_Sonnet_5__No_search,-0.12670307674143289,0.03820266074296695,-0.2015789159112503,-0.051827237571615475,-3.3166034584321125,0.0009111884381490248,-0.09601626147992467,18606,1129
used_searches,treatment_only_all_arms,ix_Claude_Sonnet_5__Wide,0.19592805793027052,0.03820266074296696,0.12105221876045309,0.27080389710008795,5.128649526495102,2.9182805716988133e-07,0.14847531824248844,18606,1129
used_searches,treatment_only_all_arms,ix_Claude_Sonnet_5__Native,0.5042633507805133,0.038202142692090026,0.42938852697175683,0.5791381745892697,13.199870877528657,8.78855682236782e-40,0.3821334334452816,18606,1129
used_searches,treatment_only_all_arms,ix_DeepSeek_V4__No_search,-0.5322711730544554,0.0382026607429667,-0.6071470122242723,-0.45739533388463843,-13.93282987893583,4.00179882206457e-44,-0.4033579092520217,18606,1129
used_searches,treatment_only_all_arms,ix_DeepSeek_V4__Wide,0.09827811212237893,0.0382026607429667,0.023402272952562003,0.17315395129219585,2.5725462627749667,0.010095346263095406,0.0744756729984754,18606,1129
used_searches,treatment_only_all_arms,ix_GLM_5_2__No_search,-0.4761300060035443,0.038204562162233745,-0.5510095718866441,-0.4012504401204445,-12.462647889581413,1.1934123854228166e-35,-0.3608138360220645,18606,1129
used_searches,treatment_only_all_arms,ix_GLM_5_2__Wide,0.1679725328558582,0.03820448267713211,0.09309312276069487,0.24285194295102153,4.396670785347416,1.0992387546463346e-05,0.12729047353006628,18606,1129
log_latency,treatment_only_all_arms,Intercept,2.1430302314980696,0.02836463924885652,2.08743656013584,2.1986239028602994,75.55288162476675,0.0,2.2409151237668343,18606,1129
log_latency,treatment_only_all_arms,cat_Arts_and_culture,-0.04418697628434376,0.05451329025606372,-0.15103106186500692,0.06265710929631939,-0.8105725425265204,0.41761119022349,-0.046205257384490404,18606,1129
log_latency,treatment_only_all_arms,cat_Business_and_economy,0.015240615422799758,0.045959112144000634,-0.07483758914087892,0.10531881998647842,0.3316124857905729,0.7401818903105832,0.015936744659263015,18606,1129
log_latency,treatment_only_all_arms,cat_Disasters_and_accidents,0.05029898289738701,0.03408730753468396,-0.016510912200534376,0.11710887799530839,1.4755927216078186,0.1400532602123747,0.052596435565004034,18606,1129
log_latency,treatment_only_all_arms,cat_International_relations,-0.009335543549485953,0.03216657157936004,-0.07238086535116131,0.0537097782521894,-0.2902250097264387,0.7716441042220459,-0.009761953154530583,18606,1129
log_latency,treatment_only_all_arms,cat_Law_and_crime,0.008782157992641794,0.026906292220792608,-0.04395320571762194,0.06151752170290553,0.32639792657329164,0.744123306063624,0.009183291199426322,18606,1129
log_latency,treatment_only_all_arms,cat_Other_small_categories,0.06854109524889947,0.05311058623501615,-0.035553740969540934,0.17263593146733985,1.2905354677427734,0.19686480549822638,0.07167177330738475,18606,1129
log_latency,treatment_only_all_arms,cat_Politics_and_elections,-0.0046059137353559685,0.029014669760273653,-0.06147362148881573,0.0522617940181038,-0.15874431015107743,0.8738703263362257,-0.004816293114591034,18606,1129
log_latency,treatment_only_all_arms,cat_Sports,0.09484108059265815,0.04488233665485693,0.006873317207136645,0.18280884397817965,2.1131047904653815,0.0345917997596577,0.09917303486003963,18606,1129
log_latency,treatment_only_all_arms,quant,0.04430908089626897,0.018489124512486393,0.008071062746118955,0.08054709904641899,2.396494267013314,0.016552752427040778,0.046332939237748075,18606,1129
log_latency,treatment_only_all_arms,age30,0.036776398776625856,0.004022822170423912,0.028891812206385738,0.044660985346865974,9.141939966178143,6.134188866765397e-20,0.03845619487999986,18606,1129
log_latency,treatment_only_all_arms,mdl_Claude_Sonnet_5,0.2627893219202643,0.029391633308175534,0.2051827791894324,0.32039586465109615,8.940956739793265,3.858154012159718e-19,0.2747924677870238,18606,1129
log_latency,treatment_only_all_arms,mdl_DeepSeek_V4,0.0015429808568809733,0.029391327416466703,-0.056062962337218435,0.059148924050980385,0.052497828186436626,0.9581320258065105,0.0016134579377586333,18606,1129
log_latency,treatment_only_all_arms,mdl_GLM_5_2,0.1413540362143201,0.02939163330817438,0.08374749348349048,0.19896057894514974,4.809329060831976,1.5143773485333934e-06,0.14781051284410684,18606,1129
log_latency,treatment_only_all_arms,arm_No_search,-0.028893641118685868,0.029391633308175312,-0.08650018384951733,0.028712901612145587,-0.9830566683971617,0.3255795490808385,-0.030213384959246553,18606,1129
log_latency,treatment_only_all_arms,arm_Wide,-0.0991266193722422,0.029391327416467643,-0.15673256256634344,-0.04152067617814094,-3.372648603706909,0.0007444889990056145,-0.10365431959578777,18606,1129
log_latency,treatment_only_all_arms,arm_Native,0.3064199465385649,0.029391327416466568,0.24881400334446577,0.36402588973266403,10.42552254264271,1.8961417868599902e-25,0.3204159616274239,18606,1129
log_latency,treatment_only_all_arms,ix_Claude_Sonnet_5__No_search,-1.027761193933767,0.04156583014718169,-1.1092287240097523,-0.9462936638577817,-24.726107725854064,5.604141511443776e-135,-1.0747051391322902,18606,1129
log_latency,treatment_only_all_arms,ix_Claude_Sonnet_5__Wide,-0.08199641420022223,0.04156583014718171,-0.16346394427620758,-0.0005288841242368642,-1.9726879966039086,0.048531120368042566,-0.08574167642398614,18606,1129
log_latency,treatment_only_all_arms,ix_Claude_Sonnet_5__Native,-0.21716420851540572,0.04156565335801127,-0.29863139209098416,-0.13569702493982727,-5.2246071208104805,1.745252696181187e-07,-0.22708338503598258,18606,1129
log_latency,treatment_only_all_arms,ix_DeepSeek_V4__No_search,-0.19040438258536665,0.04156583014718068,-0.27187191266135,-0.1089368525093833,-4.580791046664116,4.632204808562672e-06,-0.1991012792520276,18606,1129
log_latency,treatment_only_all_arms,ix_DeepSeek_V4__Wide,0.2163166860198385,0.0415658301471807,0.1348491559438551,0.2977842160958219,5.204195014363515,1.9483931949917233e-07,0.22619715116483388,18606,1129
log_latency,treatment_only_all_arms,ix_GLM_5_2__No_search,-1.7932052865813017,0.041566479036418164,-1.8746740884568205,-1.711736484705783,-43.14065872671578,0.0,-1.8751116002267647,18606,1129
log_latency,treatment_only_all_arms,ix_GLM_5_2__Wide,0.26374330187717887,0.04156645191043288,0.18227455316761432,0.3452120505867434,6.345100189101808,2.2228074051097523e-10,0.2757900216627458,18606,1129
log_answer_words,treatment_only_all_arms,Intercept,1.581200525387857,0.03754119556161157,1.5076211341505232,1.6547799166251906,42.11907750228238,0.0,1.136593093378365,18606,1129
log_answer_words,treatment_only_all_arms,cat_Arts_and_culture,-0.12040943218218969,0.08881202155151997,-0.29447779581736394,0.05365893145298456,-1.3557785317648694,0.1751696438920266,-0.08655229162810804,18606,1129
log_answer_words,treatment_only_all_arms,cat_Business_and_economy,0.09908265276922035,0.07532309789022022,-0.04854790629959621,0.2467132118380369,1.315435179174767,0.18836368898216305,0.0712222498050831,18606,1129
log_answer_words,treatment_only_all_arms,cat_Disasters_and_accidents,-0.004212966540313129,0.05539525444077952,-0.11278567015867348,0.10435973707804723,-0.07605284212237015,0.939377057958273,-0.0030283500387653117,18606,1129
log_answer_words,treatment_only_all_arms,cat_International_relations,-0.03370160837729222,0.05226510423764591,-0.13613933033130995,0.06873611357672552,-0.6448204565718128,0.5190435436535077,-0.02422527358316988,18606,1129
log_answer_words,treatment_only_all_arms,cat_Law_and_crime,0.013894440310268829,0.04375342854704296,-0.07186070384208203,0.09964958446261969,0.3175623207522985,0.7508169593430742,0.009987553532551324,18606,1129
log_answer_words,treatment_only_all_arms,cat_Other_small_categories,-0.0487574941323599,0.08609430904421388,-0.21749923913288016,0.11998425086816035,-0.566326562970851,0.5711718063499063,-0.0350476933137136,18606,1129
log_answer_words,treatment_only_all_arms,cat_Politics_and_elections,-0.04436788282962989,0.04728210111146212,-0.1370390981214769,0.048303332462217116,-0.9383652965217791,0.34805671390300674,-0.03189236809772006,18606,1129
log_answer_words,treatment_only_all_arms,cat_Sports,-0.40280211447352593,0.07271960630034291,-0.5453299237921301,-0.2602743051549218,-5.5391129705776,3.040074984729603e-08,-0.28954082291144617,18606,1129
log_answer_words,treatment_only_all_arms,quant,-0.059831236223659295,0.030067706895400906,-0.11876285883635171,-0.0008996136109668748,-1.9898835794761243,0.046603761615431526,-0.043007682307353,18606,1129
log_answer_words,treatment_only_all_arms,age30,0.007776572365215082,0.006556455060974404,-0.005073843420550113,0.020626988150980276,1.1860940543165026,0.2355851583069939,0.005589928853769149,18606,1129
log_answer_words,treatment_only_all_arms,mdl_Claude_Sonnet_5,1.4650924277531188,0.026910699898365278,1.4123484251535572,1.5178364303526803,54.44274705921408,0.0,1.0531326721743097,18606,1129
log_answer_words,treatment_only_all_arms,mdl_DeepSeek_V4,1.849953125432318,0.026909812440300655,1.797210862218601,1.9026953886460352,68.74641469673689,0.0,1.3297769079126316,18606,1129
log_answer_words,treatment_only_all_arms,mdl_GLM_5_2,2.6304882635681346,0.02691069989836571,2.577744260968572,2.683232266167697,97.74878667231856,0.0,1.8908384765752688,18606,1129
log_answer_words,treatment_only_all_arms,arm_No_search,-0.39372998576596535,0.026910699898365267,-0.446473988365527,-0.3409859831664037,-14.63098274117661,1.781945267410089e-48,-0.28301962672810715,18606,1129
log_answer_words,treatment_only_all_arms,arm_Wide,0.03633063312275135,0.02690981244030019,-0.016411630090964927,0.08907289633646763,1.350088678743168,0.17698753939366196,0.026115060058719334,18606,1129
log_answer_words,treatment_only_all_arms,arm_Native,0.45163563836046344,0.026909812440300558,0.39889337514674644,0.5043779015741805,16.78330680908377,3.233198409086453e-63,0.32464316767041085,18606,1129
log_answer_words,treatment_only_all_arms,ix_Claude_Sonnet_5__No_search,-0.8503795238253042,0.03805684924677816,-0.9249695777140597,-0.7757894699365487,-22.344979698951203,1.35109509964771e-110,-0.6112668684404463,18606,1129
log_answer_words,treatment_only_all_arms,ix_Claude_Sonnet_5__Wide,0.005938190280594123,0.03805684924677815,-0.06865186360816133,0.08052824416934959,0.15603473219992964,0.876005644169224,0.004268469401396297,18606,1129
log_answer_words,treatment_only_all_arms,ix_Claude_Sonnet_5__Native,0.8293809358309985,0.03805633634076041,0.7547918872195652,0.9039699844424317,21.79350446150767,2.6738479224833855e-105,0.5961727360379976,18606,1129
log_answer_words,treatment_only_all_arms,ix_DeepSeek_V4__No_search,-1.486260473556834,0.03805684924677889,-1.560850527445591,-1.4116704196680772,-39.0536921204172,0.0,-1.0683486136532805,18606,1129
log_answer_words,treatment_only_all_arms,ix_DeepSeek_V4__Wide,0.03595539365438171,0.03805684924677887,-0.038634660234375166,0.11054544754313858,0.9447811462591053,0.34477061920618046,0.02584533172176012,18606,1129
log_answer_words,treatment_only_all_arms,ix_GLM_5_2__No_search,-2.195530525780576,0.03805873178306493,-2.270124269372653,-2.1209367821884992,-57.687958135208426,0.0,-1.5781836597173302,18606,1129
log_answer_words,treatment_only_all_arms,ix_GLM_5_2__Wide,0.02502918309760307,0.03805865308731773,-0.049564406253643806,0.09962277244884996,0.6576476324629454,0.5107645796051972,0.017991390835555204,18606,1129
snippet_sufficiency,treatment_only_wide_vs_norm,Intercept,0.1633842067114,0.019980060954128916,0.12422400683239233,0.20254440659040768,8.177362776144902,2.9012353630732615e-16,0.4988723207767383,10632,1129
snippet_sufficiency,treatment_only_wide_vs_norm,cat_Arts_and_culture,0.0067726739874921105,0.053253732693718074,-0.09760272413451851,0.11114807210950273,0.12717745113651027,0.8987999518356193,0.02067947482814255,10632,1129
snippet_sufficiency,treatment_only_wide_vs_norm,cat_Business_and_economy,-0.011101959661862027,0.04525406251311292,-0.09979829234168752,0.07759437301796346,-0.24532514972871436,0.8062046799623557,-0.03389838279452503,10632,1129
snippet_sufficiency,treatment_only_wide_vs_norm,cat_Disasters_and_accidents,-0.01647168568052324,0.03318903078110119,-0.08152099069327284,0.04857761933222635,-0.4962990871641453,0.6196834102329896,-0.05029413936600669,10632,1129
snippet_sufficiency,treatment_only_wide_vs_norm,cat_International_relations,0.04088599731991154,0.03131196630074656,-0.02048432891468359,0.10225632355450667,1.305762689165155,0.19163327192566582,0.12484004899129945,10632,1129
snippet_sufficiency,treatment_only_wide_vs_norm,cat_Law_and_crime,-0.03708871765810779,0.026219587598303874,-0.08847816504027645,0.014300729724060858,-1.4145423729131053,0.15720271526744095,-0.11324555185077402,10632,1129
snippet_sufficiency,treatment_only_wide_vs_norm,cat_Other_small_categories,0.02649857001316868,0.051540506324786975,-0.07451896612837267,0.12751610615471,0.5141309603399246,0.6071604327706811,0.08090992015577704,10632,1129
snippet_sufficiency,treatment_only_wide_vs_norm,cat_Politics_and_elections,0.027816195857884342,0.028353636749047,-0.02775591100097912,0.0833883027167478,0.9810450808861152,0.32657051106942947,0.08493311845810626,10632,1129
snippet_sufficiency,treatment_only_wide_vs_norm,cat_Sports,0.15618243282938002,0.04352652587871148,0.07087200973495489,0.24149285592380515,3.5882126973466484,0.00033295262214958843,0.4768826455042756,10632,1129
snippet_sufficiency,treatment_only_wide_vs_norm,quant,-0.09698922004491985,0.018019060414973136,-0.13230592949351855,-0.06167251059632114,-5.382590313328746,7.342151766698171e-08,-0.2961439068563221,10632,1129
snippet_sufficiency,treatment_only_wide_vs_norm,age30,-0.0032403833406958434,0.0039332348526955165,-0.010949381994716761,0.004468615313325074,-0.8238469000840747,0.4100265550342297,-0.009894087010714868,10632,1129
snippet_sufficiency,treatment_only_wide_vs_norm,mdl_Claude_Sonnet_5,-0.005159105355910978,0.005434837645947468,-0.015811191403790465,0.005492980691968508,-0.9492657724114185,0.342485457063159,-0.01575265390602426,10632,1129
snippet_sufficiency,treatment_only_wide_vs_norm,mdl_DeepSeek_V4,0.004514672686231389,0.005433256019656537,-0.00613431343108087,0.015163658803543648,0.8309331770669596,0.40601137999066195,0.013784962976904768,10632,1129
snippet_sufficiency,treatment_only_wide_vs_norm,mdl_GLM_5_2,0.005159105355913259,0.005434837645947469,-0.00549298069196623,0.015811191403792748,0.9492657724118378,0.34248545706294575,0.015752653906031224,10632,1129
snippet_sufficiency,treatment_only_wide_vs_norm,arm_Wide,0.005267118133936686,0.005433256019656276,-0.005381867983375062,0.015916104251248432,0.9694220399115114,0.3323346601522009,0.016082456806389093,10632,1129
snippet_sufficiency,treatment_only_wide_vs_norm,ix_Claude_Sonnet_5__Wide,0.00666399625132068,0.007684902810897229,-0.008398136482728516,0.021726128985369873,0.867154265356629,0.3858574911072412,0.02034764156499019,10632,1129
snippet_sufficiency,treatment_only_wide_vs_norm,ix_DeepSeek_V4__Wide,0.006880021807367083,0.00768490281089723,-0.008182110926682114,0.02194215454141628,0.8952646476688265,0.370645633620035,0.021007247365704557,10632,1129
snippet_sufficiency,treatment_only_wide_vs_norm,ix_GLM_5_2__Wide,0.00698462108901932,0.0076881170164975615,-0.008083811372245434,0.02205305355028407,0.9084956789850306,0.3636163956745404,0.021326627601039077,10632,1129
evidence_precision,treatment_only_wide_vs_norm,Intercept,0.06450017932182843,0.00692973072736458,0.0509181566736333,0.07808220197002357,9.307746846082466,1.3057277300410631e-20,0.5656306735864601,10519,1129
evidence_precision,treatment_only_wide_vs_norm,cat_Arts_and_culture,0.006111943841917314,0.01847064933455027,-0.030089863624869935,0.042313751308704566,0.330900323600677,0.7407197775284589,0.05359834574996817,10519,1129
evidence_precision,treatment_only_wide_vs_norm,cat_Business_and_economy,0.011693373201796977,0.015693103108905638,-0.019064543697331626,0.04245129010092558,0.7451281700405789,0.45619424093867167,0.10254437476256603,10519,1129
evidence_precision,treatment_only_wide_vs_norm,cat_Disasters_and_accidents,-0.0031409876304396146,0.011509164517123308,-0.02569853557614762,0.01941656031526839,-0.2729118717319976,0.784920960496931,-0.0275447133296735,10519,1129
evidence_precision,treatment_only_wide_vs_norm,cat_International_relations,0.02067862559314985,0.010860525286756881,-0.0006076128220801787,0.041964864008379885,1.904017075340267,0.056907960377644305,0.18134003728478312,10519,1129
evidence_precision,treatment_only_wide_vs_norm,cat_Law_and_crime,-0.013967389416146402,0.00909337709951441,-0.031790081029035945,0.0038553021967431406,-1.5359958421709208,0.12453940009551394,-0.12248623130611362,10519,1129
evidence_precision,treatment_only_wide_vs_norm,cat_Other_small_categories,0.023139263174315396,0.01787247048517295,-0.011890135291378688,0.05816866164000948,1.2946874464563696,0.19542807225011172,0.2029184593468719,10519,1129
evidence_precision,treatment_only_wide_vs_norm,cat_Politics_and_elections,0.005805217332710174,0.00983325872595554,-0.013467615620826903,0.02507805028624725,0.5903655638986613,0.5549455922524689,0.05090852497995143,10519,1129
evidence_precision,treatment_only_wide_vs_norm,cat_Sports,0.028057795697729888,0.015094089198293166,-0.001526075510359777,0.05764166690581955,1.8588598045983888,0.06304701284640508,0.24605125205423,10519,1129
evidence_precision,treatment_only_wide_vs_norm,quant,-0.046436971856216175,0.006249058064661799,-0.05868490060025287,-0.034189043112179476,-7.431035425773301,1.0775084638286321e-13,-0.4072263976087573,10519,1129
evidence_precision,treatment_only_wide_vs_norm,age30,-0.0018201573690449103,0.0013640904976877858,-0.004493725616166289,0.0008534108780764676,-1.3343376939654552,0.18209320947550622,-0.015961767075860073,10519,1129
evidence_precision,treatment_only_wide_vs_norm,mdl_Claude_Sonnet_5,0.00041860138249628844,0.0019053404153190582,-0.0033157972098176542,0.004152999974810231,0.21969899926055558,0.8261055841006244,0.003670901142215415,10519,1129
evidence_precision,treatment_only_wide_vs_norm,mdl_DeepSeek_V4,-0.006403542223993027,0.0018858315871707785,-0.010099704215755761,-0.0027073802322302937,-3.395606621267783,0.0006847669769237275,-0.05615550126495119,10519,1129
evidence_precision,treatment_only_wide_vs_norm,mdl_GLM_5_2,-0.007512845648912083,0.0018851589811208294,-0.011207689357041133,-0.003818001940783033,-3.9852583915470556,6.740673383064067e-05,-0.06588347489302429,10519,1129
evidence_precision,treatment_only_wide_vs_norm,arm_Wide,-0.01767754939495578,0.001885426622992382,-0.02137291767151383,-0.013982181118397732,-9.375888289356784,6.859569941258353e-21,-0.15502226934496083,10519,1129
evidence_precision,treatment_only_wide_vs_norm,ix_Claude_Sonnet_5__Wide,0.0028943216224397938,0.0026955582936460556,-0.0023888755513347183,0.008177518796214306,1.0737373512797928,0.2829404157051355,0.025381589727184472,10519,1129
evidence_precision,treatment_only_wide_vs_norm,ix_DeepSeek_V4__Wide,0.004929328770693185,0.0026673614993172274,-0.00029860370171734107,0.010157261243103712,1.8480167656146196,0.06459991749552893,0.04322746978709121,10519,1129
evidence_precision,treatment_only_wide_vs_norm,ix_GLM_5_2__Wide,0.005235612044125503,0.002667327246310773,7.746706373989998e-06,0.010463477381877017,1.962868279985881,0.04966148136776596,0.04591340362605588,10519,1129
token_discounted_gain,treatment_only_wide_vs_norm,Intercept,0.10179895769134702,0.013415425595409971,0.07550520668706666,0.12809270869562736,7.588201877559299,3.2437526763442036e-14,0.4548946633610407,10632,1129
token_discounted_gain,treatment_only_wide_vs_norm,cat_Arts_and_culture,0.012519131951415925,0.035758754397360426,-0.0575667387994238,0.08260500270225564,0.350099777310477,0.7262638180111737,0.055942481571163126,10632,1129
token_discounted_gain,treatment_only_wide_vs_norm,cat_Business_and_economy,0.014234216052207194,0.030387197014763462,-0.04532359568785224,0.07379202779226662,0.4684280700615978,0.6394784984361757,0.06360643631449969,10632,1129
token_discounted_gain,treatment_only_wide_vs_norm,cat_Disasters_and_accidents,-0.009430964986426132,0.022285715671503673,-0.0531101650722732,0.03424823509942093,-0.4231842999991842,0.6721608006191072,-0.042142824837927965,10632,1129
token_discounted_gain,treatment_only_wide_vs_norm,cat_International_relations,0.034923704564808665,0.021025306394701727,-0.00628513873272641,0.07613254786234375,1.6610318969529627,0.09670704072972064,0.1560586394164962,10632,1129
token_discounted_gain,treatment_only_wide_vs_norm,cat_Law_and_crime,-0.02405693299033142,0.017605888809738124,-0.0585638409732349,0.010449974992572063,-1.3664140021732452,0.1718090563533885,-0.10749982791882869,10632,1129
token_discounted_gain,treatment_only_wide_vs_norm,cat_Other_small_categories,0.023641512104471647,0.034608310758617845,-0.044189530548189415,0.0914725547571327,0.6831166152362594,0.49453315716863366,0.10564349512022292,10632,1129
token_discounted_gain,treatment_only_wide_vs_norm,cat_Politics_and_elections,0.027568396733007206,0.01903886818200587,-0.009747099210129874,0.06488389267614428,1.448006072076428,0.14761535241919835,0.12319101133911606,10632,1129
token_discounted_gain,treatment_only_wide_vs_norm,cat_Sports,0.09871653456867403,0.029227096877786116,0.041432477315550185,0.15600059182179787,3.377568938217157,0.0007312961977867557,0.44112067332691873,10632,1129
token_discounted_gain,treatment_only_wide_vs_norm,quant,-0.08389038826466748,0.012099411602558324,-0.10760479923980786,-0.0601759772895271,-6.933427097143263,4.1076564237444015e-12,-0.3748691616724348,10632,1129
token_discounted_gain,treatment_only_wide_vs_norm,age30,-0.0025181255025982213,0.00264108561046374,-0.007694558179194134,0.0026583071739976916,-0.9534433464108993,0.34036548793874466,-0.011252392743335879,10632,1129
token_discounted_gain,treatment_only_wide_vs_norm,mdl_Claude_Sonnet_5,-0.002865335987676142,0.003642903777076158,-0.010005296189890342,0.004274624214538057,-0.7865527510517716,0.4315437275927979,-0.012803923331731772,10632,1129
token_discounted_gain,treatment_only_wide_vs_norm,mdl_DeepSeek_V4,0.0026548781477332456,0.0036418398590288836,-0.004482996813425793,0.009792753108892285,0.7289936544439884,0.46600554407349015,0.011863480026380982,10632,1129
token_discounted_gain,treatment_only_wide_vs_norm,mdl_GLM_5_2,-0.0021546963542009565,0.003642903777076158,-0.009294656556415155,0.004985263848013243,-0.591477701870661,0.5542003912616239,-0.009628388098641801,10632,1129
token_discounted_gain,treatment_only_wide_vs_norm,arm_Wide,0.020408249378807725,0.0036418398590287145,0.013270374417649018,0.02754612433996643,5.60382942929584,2.0966704646397004e-08,0.09119546939870113,10632,1129
token_discounted_gain,treatment_only_wide_vs_norm,ix_Claude_Sonnet_5__Wide,-0.008584476991088719,0.0051510916792311895,-0.0186804311634458,0.001511477181268362,-1.6665354696948373,0.09560680959828878,-0.038360243165081374,10632,1129
token_discounted_gain,treatment_only_wide_vs_norm,ix_DeepSeek_V4__Wide,-0.006481556179760403,0.0051510916792311895,-0.016577510352117485,0.0036143979925966777,-1.2582878704903555,0.2082876662117672,-0.028963217142039557,10632,1129
token_discounted_gain,treatment_only_wide_vs_norm,ix_GLM_5_2__Wide,-0.0029083217876448744,0.0051532537884603335,-0.013008513616221719,0.007191870040931969,-0.5643661086821439,0.5725049989607573,-0.012996007921294753,10632,1129
temporal_grounding,treatment_only_wide_vs_norm,Intercept,0.9049177080215637,0.011952491098541757,0.8814912559428862,0.9283441601002411,75.7095487928844,0.0,3.8730773174018656,9493,1121
temporal_grounding,treatment_only_wide_vs_norm,cat_Arts_and_culture,-0.03487392640276761,0.030148044123514055,-0.09396300708917958,0.02421515428364436,-1.156755849895005,0.24737212446852264,-0.14926154292483207,9493,1121
temporal_grounding,treatment_only_wide_vs_norm,cat_Business_and_economy,0.03299404104212697,0.025295799119756116,-0.016584814192755017,0.08257289627700895,1.3043288684388112,0.1921214764679442,0.14121557224145187,9493,1121
temporal_grounding,treatment_only_wide_vs_norm,cat_Disasters_and_accidents,0.034463858750398126,0.019121504965976994,-0.0030136023131205752,0.07194131981391683,1.802361205967829,0.07148859458658849,0.14750643999236226,9493,1121
temporal_grounding,treatment_only_wide_vs_norm,cat_International_relations,-0.02528379462495321,0.017606351539825794,-0.05979160954216309,0.009224020292256673,-1.4360609901353463,0.15098498716043343,-0.10821546599397518,9493,1121
temporal_grounding,treatment_only_wide_vs_norm,cat_Law_and_crime,-0.02076442491102776,0.014747874210037138,-0.04966972721122765,0.00814087738917213,-1.4079605382649565,0.1591427553426661,-0.08887241615331441,9493,1121
temporal_grounding,treatment_only_wide_vs_norm,cat_Other_small_categories,0.014779159442605298,0.029516742773855582,-0.043072593335084536,0.07263091222029514,0.5007042801381161,0.6165792595628434,0.06325528465186822,9493,1121
temporal_grounding,treatment_only_wide_vs_norm,cat_Politics_and_elections,0.0074809115808680895,0.015890829477064286,-0.023664541878645372,0.038626365040381555,0.4707691056445804,0.6378056288936382,0.03201854566499288,9493,1121
temporal_grounding,treatment_only_wide_vs_norm,cat_Sports,0.0036146459996036647,0.024368894217472608,-0.044147509009709034,0.05137680100891636,0.14833032501786425,0.8820820841609615,0.015470802822623888,9493,1121
temporal_grounding,treatment_only_wide_vs_norm,quant,-0.014078331238893047,0.010154602615850898,-0.033980986643277034,0.005824324165490936,-1.3863990321903268,0.1656250918162142,-0.06025571707226159,9493,1121
temporal_grounding,treatment_only_wide_vs_norm,age30,0.01553745509666396,0.0022123543446479483,0.011201320260113268,0.019873589933214652,7.023040922107093,2.170905932969594e-12,0.06650081479409528,9493,1121
temporal_grounding,treatment_only_wide_vs_norm,mdl_Claude_Sonnet_5,-0.031583331894205785,0.006926760926677046,-0.04515953384001209,-0.018007129948399484,-4.559610506054691,5.124858361335179e-06,-0.13517769105752586,9493,1121
temporal_grounding,treatment_only_wide_vs_norm,mdl_DeepSeek_V4,-0.004707027600806649,0.006766908779538657,-0.01796992509537031,0.00855586989375701,-0.6955949539381195,0.4866825271873809,-0.02014623171970719,9493,1121
temporal_grounding,treatment_only_wide_vs_norm,mdl_GLM_5_2,-0.013978257820233871,0.006792992592576007,-0.02729227864893021,-0.0006642369915375295,-2.057746660214317,0.039614458748741574,-0.05982739957504838,9493,1121
temporal_grounding,treatment_only_wide_vs_norm,arm_Wide,-0.07536505520152594,0.00694280268572365,-0.08897269841731226,-0.06175741198573962,-10.85513424664907,1.885295648339549e-27,-0.3225648953913651,9493,1121
temporal_grounding,treatment_only_wide_vs_norm,ix_Claude_Sonnet_5__Wide,-0.004462850749928002,0.009838569705894152,-0.02374609303286737,0.014820391533011366,-0.45360767706451977,0.650111226932824,-0.019101146830562583,9493,1121
temporal_grounding,treatment_only_wide_vs_norm,ix_DeepSeek_V4__Wide,-0.021539065253593302,0.009618229453778116,-0.040390448578040763,-0.0026876819291458375,-2.2394002302713405,0.025129886406578428,-0.09218790209567097,9493,1121
temporal_grounding,treatment_only_wide_vs_norm,ix_GLM_5_2__Wide,-0.004656511567639376,0.009609865322947456,-0.023491501496896765,0.014178478361618015,-0.48455534090785474,0.6279917991916303,-0.019930021449435162,9493,1121
domain_entropy,treatment_only_wide_vs_norm,Intercept,0.8888724300964002,0.003854319829853703,0.8813181020449884,0.8964267581478119,230.6171955974237,0.0,10.685528497626937,10518,1129
domain_entropy,treatment_only_wide_vs_norm,cat_Arts_and_culture,0.014658405060209307,0.009653745894312924,-0.00426258920854544,0.03357939932896405,1.5184162936010834,0.12890948671239608,0.1762151684507059,10518,1129
domain_entropy,treatment_only_wide_vs_norm,cat_Business_and_economy,0.021618668718134202,0.008179659690802076,0.0055868303183681,0.0376505071179003,2.6429789912218626,0.008218013425128479,0.2598875753670589,10518,1129
domain_entropy,treatment_only_wide_vs_norm,cat_Disasters_and_accidents,0.018471426038593645,0.006015955326221999,0.006680370266596614,0.030262481810590675,3.0704061178914444,0.002137678798358402,0.22205317956120504,10518,1129
domain_entropy,treatment_only_wide_vs_norm,cat_International_relations,0.01718140009873836,0.0056819502792714305,0.006044982189419054,0.028317818008057667,3.0238561152881913,0.002495751055267786,0.20654520735251966,10518,1129
domain_entropy,treatment_only_wide_vs_norm,cat_Law_and_crime,0.0059779389407409005,0.004754377979605345,-0.0033404706681758843,0.015296348549657685,1.257354582741257,0.20862526734365694,0.07186344715566555,10518,1129
domain_entropy,treatment_only_wide_vs_norm,cat_Other_small_categories,0.02959146956266632,0.00934861699363229,0.011268516949887914,0.047914422175444726,3.16533125518162,0.001549064845996556,0.3557321394974962,10518,1129
domain_entropy,treatment_only_wide_vs_norm,cat_Politics_and_elections,-0.009494161923236719,0.005137031736689156,-0.019562559114586712,0.000574235268113274,-1.8481805077100333,0.0645762342711427,-0.11413351832819028,10518,1129
domain_entropy,treatment_only_wide_vs_norm,cat_Sports,-0.04569031534111626,0.00789791917440767,-0.061169952475763616,-0.03021067820646891,-5.785107992643259,7.246576067969234e-09,-0.5492634827138355,10518,1129
domain_entropy,treatment_only_wide_vs_norm,quant,-0.008768181788584682,0.0032665641572075625,-0.01517052988990094,-0.002365833687268424,-2.6842215142898653,0.007269892088568021,-0.10540619013701884,10518,1129
domain_entropy,treatment_only_wide_vs_norm,age30,-7.554757022706518e-05,0.0007121171168652689,-0.001471271472057493,0.0013201763316033626,-0.10608868743336024,0.9155119866124048,-0.0009081907450996399,10518,1129
domain_entropy,treatment_only_wide_vs_norm,mdl_Claude_Sonnet_5,-0.00033846241124713524,0.0022555459789754487,-0.004759251295513153,0.004082326473018882,-0.15005786377313274,0.8807189633326418,-0.0040688062969447235,10518,1129
domain_entropy,treatment_only_wide_vs_norm,mdl_DeepSeek_V4,-0.02098047505938946,0.00223331998658901,-0.025357701799057396,-0.016603248319721525,-9.394298705683157,5.7600249741472515e-21,-0.2522155672176081,10518,1129
domain_entropy,treatment_only_wide_vs_norm,mdl_GLM_5_2,-0.016314738975437334,0.002232024804729945,-0.020689427205308072,-0.011940050745566595,-7.3093896362013195,2.683585611512004e-13,-0.19612669079462153,10518,1129
domain_entropy,treatment_only_wide_vs_norm,arm_Wide,-0.04898861166864009,0.002233335335810489,-0.05336586849222932,-0.04461135484505086,-21.935179586840622,1.1996350364777203e-106,-0.5889137612105505,10518,1129
domain_entropy,treatment_only_wide_vs_norm,ix_Claude_Sonnet_5__Wide,-0.013444218750092926,0.0031920236893902094,-0.019700470219096405,-0.007187967281089448,-4.211816721404487,2.5332504937800133e-05,-0.16161889796364623,10518,1129
domain_entropy,treatment_only_wide_vs_norm,ix_DeepSeek_V4__Wide,-0.0062945429470925105,0.003158829361039032,-0.012485734728036685,-0.0001033511661483362,-1.9926821704044342,0.04629626096557298,-0.07566948390265532,10518,1129
domain_entropy,treatment_only_wide_vs_norm,ix_GLM_5_2__Wide,-0.011533087552326063,0.003157746530393684,-0.017722157024204,-0.005344018080448126,-3.6523158022085465,0.000259886003230963,-0.13864434482757138,10518,1129
compression_redundancy,treatment_only_wide_vs_norm,Intercept,0.5235454889230726,0.0027779480692394737,0.5181008107564407,0.5289901670897046,188.4648221902885,0.0,7.725212056185618,10519,1129
compression_redundancy,treatment_only_wide_vs_norm,cat_Arts_and_culture,-0.012168383775417827,0.006828990131612883,-0.02555295848415852,0.0012161909333228676,-1.7818716297579238,0.07477016793184783,-0.17955143733453824,10519,1129
compression_redundancy,treatment_only_wide_vs_norm,cat_Business_and_economy,-0.00040969922433311114,0.005780930144311443,-0.011740114104325476,0.010920715655659255,-0.07087081388386328,0.9435005720961042,-0.006045345541489517,10519,1129
compression_redundancy,treatment_only_wide_vs_norm,cat_Disasters_and_accidents,-0.025814245651208673,0.00425584704749239,-0.03415555258800489,-0.017472938714412464,-6.065595253574449,1.3146582582326045e-09,-0.3809039060507622,10519,1129
compression_redundancy,treatment_only_wide_vs_norm,cat_International_relations,-0.011101220270134686,0.004020665789472722,-0.018981580411373523,-0.003220860128895848,-2.7610402981518445,0.0057617566538932154,-0.1638048316405563,10519,1129
compression_redundancy,treatment_only_wide_vs_norm,cat_Law_and_crime,-0.014930266946256892,0.0033635557812068577,-0.021522715137413818,-0.008337818755099966,-4.438834351930935,9.044739275372158e-06,-0.2203045975098466,10519,1129
compression_redundancy,treatment_only_wide_vs_norm,cat_Other_small_categories,-0.007407123559070667,0.006615186591917284,-0.02037265103024081,0.005558403912099473,-1.119714985533591,0.2628352370495268,-0.10929632941331126,10519,1129
compression_redundancy,treatment_only_wide_vs_norm,cat_Politics_and_elections,0.0019026430419895278,0.0036332941776015906,-0.005218482691348664,0.00902376877532772,0.5236688660441748,0.6005088738521348,0.028074582395561206,10519,1129
compression_redundancy,treatment_only_wide_vs_norm,cat_Sports,-0.006417016002441664,0.005589234055985949,-0.01737171345333885,0.004537681448455523,-1.1481029311286721,0.25092607430335745,-0.09468672815569305,10519,1129
compression_redundancy,treatment_only_wide_vs_norm,quant,-0.005568249351300868,0.002310875229879178,-0.010097481574629776,-0.00103901712797196,-2.409584593449469,0.015970693156733072,-0.08216269250834433,10519,1129
compression_redundancy,treatment_only_wide_vs_norm,age30,0.0022804292585745954,0.0005035595507415042,0.0012934706750500774,0.0032673878420991136,4.528618820190394,5.937049198450651e-06,0.03364903332059352,10519,1129
compression_redundancy,treatment_only_wide_vs_norm,mdl_Claude_Sonnet_5,-0.011419522475806161,0.0017929144964614532,-0.014933570316230375,-0.007905474635381948,-6.369251014671394,1.8995351159888793e-10,-0.1685015620847853,10519,1129
compression_redundancy,treatment_only_wide_vs_norm,mdl_DeepSeek_V4,-0.024750683590448724,0.0017753560636264234,-0.028230317534891313,-0.021271049646006134,-13.941250489150805,3.5565375028838925e-44,-0.3652104417231732,10519,1129
compression_redundancy,treatment_only_wide_vs_norm,mdl_GLM_5_2,-0.017649114149542122,0.0017743116345199652,-0.02112670105055165,-0.014171527248532595,-9.947020470458133,2.5984660305513968e-23,-0.2604227374578193,10519,1129
compression_redundancy,treatment_only_wide_vs_norm,arm_Wide,-0.06101583244872396,0.001774982350462779,-0.06449473392882527,-0.05753693096862266,-34.3754586814994,5.867804692634989e-259,-0.9003233805350265,10519,1129
compression_redundancy,treatment_only_wide_vs_norm,ix_Claude_Sonnet_5__Wide,-0.00827329224995455,0.002537129927188784,-0.013245975531343296,-0.003300608968565804,-3.2608863114557187,0.0011106456152602288,-0.1220771420744435,10519,1129
compression_redundancy,treatment_only_wide_vs_norm,ix_DeepSeek_V4__Wide,-0.005927720661599333,0.0025107935864933425,-0.010848785663740437,-0.001006655659458228,-2.36089525379033,0.018230879149649253,-0.0874668965535034,10519,1129
compression_redundancy,treatment_only_wide_vs_norm,ix_GLM_5_2__Wide,-0.008005255553012588,0.002509896901883559,-0.012924563085613025,-0.003085948020412151,-3.189475849388484,0.0014253104783162058,-0.11812210785769284,10519,1129
judge,quality_on_wide_vs_norm_subset,Intercept,0.8866566809275808,0.020860102973487452,0.8457716303857484,0.9275417314694131,42.504904316843216,0.0,2.312854928624046,10632,1129
judge,quality_on_wide_vs_norm_subset,cat_Arts_and_culture,0.04118953923390445,0.053892387293031786,-0.0644375989013219,0.1468166773691308,0.7642923481927512,0.4446930442665913,0.10744342300023832,10632,1129
judge,quality_on_wide_vs_norm_subset,cat_Business_and_economy,0.04459060364567208,0.045752934376873604,-0.04508349992002472,0.13426470721136888,0.9745954932283197,0.32976095003525496,0.11631514162203381,10632,1129
judge,quality_on_wide_vs_norm_subset,cat_Disasters_and_accidents,-0.017240923362851136,0.03360048055813461,-0.08309665512003325,0.04861480839433099,-0.5131153803893184,0.6078706133987124,-0.044973162027137116,10632,1129
judge,quality_on_wide_vs_norm_subset,cat_International_relations,0.032722629811463476,0.03170097050512283,-0.029410130653543788,0.09485539027647075,1.0322280135296031,0.3019653147233393,0.08535738495514132,10632,1129
judge,quality_on_wide_vs_norm_subset,cat_Law_and_crime,0.05772542271986703,0.026541897571852473,0.0057042593976850756,0.10974658604204898,2.17487926639746,0.029639165020351285,0.15057747978042432,10632,1129
judge,quality_on_wide_vs_norm_subset,cat_Other_small_categories,0.07329326420921557,0.052199824327244085,-0.029016511471500597,0.17560303988993176,1.4040902465444203,0.160291977627124,0.1911863870285033,10632,1129
judge,quality_on_wide_vs_norm_subset,cat_Politics_and_elections,-0.011630806453492308,0.028692566848479657,-0.06786720410052036,0.04460559119353574,-0.4053595662915949,0.6852132275818485,-0.03033910261826491,10632,1129
judge,quality_on_wide_vs_norm_subset,cat_Sports,0.07631654074776832,0.0440868479346929,-0.010092093396123825,0.16272517489166047,1.7310500596644647,0.08344283639490045,0.19907264130616806,10632,1129
judge,quality_on_wide_vs_norm_subset,quant,-0.10687221624625658,0.018240211960571705,-0.14262237475935385,-0.0711220577331593,-5.859154294767683,4.652302929416112e-09,-0.2787774991099607,10632,1129
judge,quality_on_wide_vs_norm_subset,age30,-0.007987158328319468,0.0039787636813248374,-0.01578539184671215,-0.00018892480992678626,-2.0074472796182574,0.04470205886583079,-0.02083460137697096,10632,1129
judge,quality_on_wide_vs_norm_subset,mdl_Claude_Sonnet_5,-0.056167169966937866,0.009534209287710692,-0.0748538767919181,-0.03748046314195763,-5.891119889652061,3.835871247517989e-09,-0.14651275818391657,10632,1129
judge,quality_on_wide_vs_norm_subset,mdl_DeepSeek_V4,-0.042136945071485195,0.009533286801008239,-0.06082184385575241,-0.023452046287217983,-4.419980847217226,9.870964937544798e-06,-0.10991474285604032,10632,1129
judge,quality_on_wide_vs_norm_subset,mdl_GLM_5_2,-0.05745209263653069,0.009534209287710694,-0.07613879946151093,-0.03876538581155045,-6.025889604771388,1.6818195455454305e-09,-0.14986449487433381,10632,1129
judge,quality_on_wide_vs_norm_subset,arm_Wide,0.012039127163280495,0.009533286801008092,-0.006645771620986429,0.030724025947547418,1.262851670633409,0.2066424912694198,0.031404212244580364,10632,1129
judge,quality_on_wide_vs_norm_subset,ix_Claude_Sonnet_5__Wide,0.01929734302938799,0.013482755800359998,-0.007128372751666116,0.0457230588104421,1.4312610355868598,0.15235541661253654,0.05033735818488044,10632,1129
judge,quality_on_wide_vs_norm_subset,ix_DeepSeek_V4__Wide,0.012305365774225007,0.013482755800359994,-0.014120350006829091,0.03873108155527911,0.9126743787717678,0.36141382290456836,0.03209869895714745,10632,1129
judge,quality_on_wide_vs_norm_subset,ix_GLM_5_2__Wide,0.010305854180759952,0.01348463075390857,-0.01612353644172204,0.036735244803241945,0.7642666950871281,0.44470832834553886,0.026882948212509125,10632,1129
gated,quality_on_wide_vs_norm_subset,Intercept,0.36234242109486464,0.028920528761841723,0.3056592263078001,0.41902561588192916,12.528900286669236,5.1877013466431765e-36,0.7497509517104982,10632,1129
gated,quality_on_wide_vs_norm_subset,cat_Arts_and_culture,0.10169169426677573,0.0767230167620021,-0.04868265537201129,0.25206604390556275,1.32543920401654,0.1850255213087192,0.21041821249410614,10632,1129
gated,quality_on_wide_vs_norm_subset,cat_Business_and_economy,-0.06519680457689048,0.06518882515943732,-0.19296455408386617,0.06257094493008522,-1.000122404682607,0.31725127478886894,-0.1349037910943621,10632,1129
gated,quality_on_wide_vs_norm_subset,cat_Disasters_and_accidents,-0.08969445007312235,0.04781841997308733,-0.18341683101798428,0.004027930871739596,-1.8757301082637876,0.06069234940201809,-0.18559377922759687,10632,1129
gated,quality_on_wide_vs_norm_subset,cat_International_relations,0.051961718133629785,0.045114130102975096,-0.03646035206205569,0.14038378832931525,1.151783665450819,0.2494099817884461,0.10751804192698133,10632,1129
gated,quality_on_wide_vs_norm_subset,cat_Law_and_crime,0.028590137163767317,0.037776352221867725,-0.04545015265839307,0.10263042698592771,0.7568263075230766,0.4491539295950633,0.059158081693272725,10632,1129
gated,quality_on_wide_vs_norm_subset,cat_Other_small_categories,0.08690759212174573,0.07426320756241125,-0.05864562007700291,0.23246080432049437,1.1702644549618741,0.24189456146645627,0.17982727417689634,10632,1129
gated,quality_on_wide_vs_norm_subset,cat_Politics_and_elections,0.029227975685446755,0.040849051813737984,-0.05083469467209026,0.10929064604298377,0.7155117288577324,0.47429289603279734,0.06047788310438482,10632,1129
gated,quality_on_wide_vs_norm_subset,cat_Sports,0.2599840586472344,0.06271681677719611,0.1370613565389326,0.3829067607555362,4.145364385613474,3.3927375069842876e-05,0.5379532841099199,10632,1129
gated,quality_on_wide_vs_norm_subset,quant,0.07297489266476813,0.025961215266372097,0.022091845747787393,0.12385793958174887,2.810919747631902,0.0049400105886376056,0.15099803953690805,10632,1129
gated,quality_on_wide_vs_norm_subset,age30,-0.008931048552064067,0.005666301965351701,-0.020036796329681923,0.0021746992255537913,-1.5761688322782013,0.11498689935557956,-0.018479928823817205,10632,1129
gated,quality_on_wide_vs_norm_subset,mdl_Claude_Sonnet_5,-0.06516505233193236,0.008904185250879987,-0.08261693473532988,-0.04771316992853483,-7.318474458456735,2.5080574471573396e-13,-0.13483809004891353,10632,1129
gated,quality_on_wide_vs_norm_subset,mdl_DeepSeek_V4,-0.0617005267118095,0.008902181786620084,-0.07914848239741329,-0.0442525710262057,-6.930944367429674,4.180404392214825e-12,-0.12766936999382383,10632,1129
gated,quality_on_wide_vs_norm_subset,mdl_GLM_5_2,-0.06350311922562157,0.008904185250879989,-0.0809550016290191,-0.04605123682222405,-7.131828172526582,9.904447294467045e-13,-0.13139925469430438,10632,1129
gated,quality_on_wide_vs_norm_subset,arm_Wide,-0.0015048908954102117,0.008902181786620323,-0.01895284658101448,0.015943064790194052,-0.1690474235958663,0.8657593395071752,-0.0031138870730205567,10632,1129
gated,quality_on_wide_vs_norm_subset,ix_Claude_Sonnet_5__Wide,-0.00029770161840202115,0.01259100296021042,-0.024975613949651653,0.02438021071284761,-0.023643995585006676,0.9811365785466301,-0.0006159976274603368,10632,1129
gated,quality_on_wide_vs_norm_subset,ix_DeepSeek_V4__Wide,0.006317265200042731,0.012591002960210424,-0.018360647131206907,0.03099517753129237,0.5017285136066043,0.6158585044339373,0.013071545919542281,10632,1129
gated,quality_on_wide_vs_norm_subset,ix_GLM_5_2__Wide,0.0020908859546577827,0.012595074624623568,-0.02259500669219875,0.02677677860151432,0.16600822281513664,0.8681504790950086,0.004326415134297407,10632,1129
