outcome,block,r2_marginal,r2_conditional,icc_task_empty,icc_task_full,var_task_empty,var_resid_empty,delta_r2_sequential,delta_r2_unique,wald_chi2,wald_df,wald_p,n_obs,n_groups
judge,__full_model__,0.38179682215497923,0.6025205336101954,0.20962732666772071,0.3570407260354622,0.047897037430700964,0.18058957350920923,,,,,,18606,1129
judge,task_context,0.015027831453359883,,,,,,0.015027831453359883,0.014088655333705513,68.25968257881425,10.0,9.600202904576292e-11,18606,1129
judge,model_identity,0.045558490720800114,,,,,,0.03053065926744023,0.0006490870478674249,31.585589202199195,3.0,6.398973429928008e-07,18606,1129
judge,retrieval_arm,0.35703492929419134,,,,,,0.31147643857339125,0.026320365353703967,1235.4430788428238,3.0,1.4967408500560117e-267,18606,1129
judge,model_x_arm,0.38179682215497923,,,,,,0.024761892860787893,0.024761892860787893,1163.6760074812669,7.0,5.049652110839928e-247,18606,1129
gated,__full_model__,0.09918580218327704,0.6144671929951464,0.5257612303652082,0.5720173949974832,0.10937108167427119,0.09865316080990559,,,,,,18606,1129
gated,task_context,0.017921666020010548,,,,,,0.017921666020010548,0.01756007449012517,37.93009484454761,10.0,3.9029890724021506e-05,18606,1129
gated,model_identity,0.030286086455016858,,,,,,0.01236442043500631,0.0010242305940467156,49.890888787639916,3.0,8.428279428321939e-11,18606,1129
gated,retrieval_arm,0.09411883857342525,,,,,,0.06383275211840839,0.0058290552272131785,274.44474831369905,3.0,3.371487254251995e-59,18606,1129
gated,model_x_arm,0.09918580218327704,,,,,,0.005066963609851788,0.005066963609851788,249.2220980538955,7.0,4.0565250694831286e-50,18606,1129
used_searches,__full_model__,0.5997042694333131,0.7227089860006286,0.08388037633423838,0.30728460779029876,0.14610408320270027,1.5957107439091727,,,,,,18606,1129
used_searches,task_context,0.0030037418605511337,,,,,,0.0030037418605511337,0.002114178475127737,22.968715503220626,10.0,0.010862645533619437,18606,1129
used_searches,model_identity,0.01172096372757629,,,,,,0.008717221867025157,0.008298704977620752,558.7535689227019,3.0,8.800949582443792e-121,18606,1129
used_searches,retrieval_arm,0.5893571706493911,,,,,,0.5776362069218148,0.10520502814774352,7083.957752823253,3.0,0.0,18606,1129
used_searches,model_x_arm,0.5997042694333131,,,,,,0.010347098783922037,0.010347098783922037,699.8370605919833,7.0,7.477550274784443e-147,18606,1129
log_latency,__full_model__,0.3091318653435182,0.36980229125718866,0.0544412039366354,0.08781766428384687,0.04963597158248653,0.8620994051784366,,,,,,18606,1129
log_latency,task_context,0.010406559281061182,,,,,,0.010406559281061182,0.009284625981508365,103.48403929449746,10.0,1.0916968042104448e-17,18606,1129
log_latency,model_identity,0.042318592417013176,,,,,,0.03191203313595199,0.0036900031282179335,110.88869534537343,3.0,7.064383857420789e-24,18606,1129
log_latency,retrieval_arm,0.19080479678414844,,,,,,0.14848620436713528,0.006592685349237404,223.64359951347217,3.0,3.273834734595698e-48,18606,1129
log_latency,model_x_arm,0.3091318653435182,,,,,,0.11832706855936978,0.11832706855936978,3500.2964457900407,7.0,0.0,18606,1129
log_answer_words,__full_model__,0.6422194611511756,0.7516250324341552,0.07184224953346494,0.30578960956064627,0.13885896318407126,1.7939725403643967,,,,,,18606,1129
log_answer_words,task_context,0.004921952409316434,,,,,,0.004921952409316434,0.004295528050642705,45.75012082627545,10.0,1.5917179133113882e-06,18606,1129
log_answer_words,model_identity,0.25244402815855826,,,,,,0.24752207574924184,0.1345008501450955,10083.074376283335,3.0,0.0,18606,1129
log_answer_words,retrieval_arm,0.5600052330486263,,,,,,0.307561204890068,0.013144281072142827,988.9686099784042,3.0,4.447999658226888e-214,18606,1129
log_answer_words,model_x_arm,0.6422194611511756,,,,,,0.0822142281025493,0.0822142281025493,6167.902806716425,7.0,0.0,18606,1129
snippet_sufficiency,__full_model__,0.0355477987110137,0.819309367514738,0.8176790045786183,0.8126494685337753,0.08816505361992757,0.019658497096483988,,,,,,10632,1129
snippet_sufficiency,task_context,0.03497316241690508,,,,,,0.03497316241690508,0.03507797983247784,49.8449813430706,10.0,2.8501142699927015e-07,10632,1129
snippet_sufficiency,model_identity,0.035157623130537254,,,,,,0.0001844607136321716,-4.0057855358786865e-05,4.633815153454449,3.0,0.20066036708389767,10632,1129
snippet_sufficiency,retrieval_arm,0.03550876054369867,,,,,,0.00035113741316141617,1.536790879600597e-05,0.939779091466196,1.0,0.3323346601521982,10632,1129
snippet_sufficiency,model_x_arm,0.0355477987110137,,,,,,3.903816731502807e-05,3.903816731502807e-05,1.191166560377181,3.0,0.7551237058109367,10632,1129
evidence_precision,__full_model__,0.05307804093813298,0.822481627772723,0.8160721739717558,0.812531148392474,0.010767320752427804,0.0024267582712744072,,,,,,10519,1129
evidence_precision,task_context,0.04904355216577345,,,,,,0.04904355216577345,0.048469863900099865,69.69757311761167,10.0,5.071672577624921e-11,10519,1129
evidence_precision,model_identity,0.049696974684900884,,,,,,0.0006534225191274362,0.0008394019870875402,28.933588447403643,3.0,2.312553521283336e-06,10519,1129
evidence_precision,retrieval_arm,0.052857688737616065,,,,,,0.0031607140527151814,0.0014725889944716686,87.90728121449767,1.0,6.859569941258413e-21,10519,1129
evidence_precision,model_x_arm,0.05307804093813298,,,,,,0.00022035220051691562,0.00022035220051691562,4.902037448460975,3.0,0.17911260172672183,10519,1129
token_discounted_gain,__full_model__,0.04860974655315788,0.8222839940577752,0.8195242173745194,0.8132038821100299,0.04036581981536009,0.00888936869472279,,,,,,10632,1129
token_discounted_gain,task_context,0.04685317722763369,,,,,,0.04685317722763369,0.047111843739382674,67.53794922662402,10.0,1.3216365738279346e-10,10632,1129
token_discounted_gain,model_identity,0.04698413604039114,,,,,,0.00013095881275744514,3.094609668503889e-05,2.7900430758684824,3.0,0.4251416280172182,10632,1129
token_discounted_gain,retrieval_arm,0.048510164512964304,,,,,,0.0015260284725731668,0.0005239941839575782,31.402904272642136,1.0,2.096670464639704e-08,10632,1129
token_discounted_gain,model_x_arm,0.04860974655315788,,,,,,9.958204019357847e-05,9.958204019357847e-05,3.2705196783164836,3.0,0.3517668778969879,10632,1129
temporal_grounding,__full_model__,0.06465288427255982,0.5029310401586247,0.46303359931712545,0.4685727346742351,0.025223663562891695,0.029251138265941355,,,,,,9493,1121
temporal_grounding,task_context,0.02863889060224806,,,,,,0.02863889060224806,0.030182473867006038,66.55655402577989,10.0,2.039826747730275e-10,9493,1121
temporal_grounding,model_identity,0.03132187272283335,,,,,,0.0026829821205852887,0.001531971159643583,24.489231944289322,3.0,1.974310259440315e-05,9493,1121
temporal_grounding,retrieval_arm,0.06425022621518962,,,,,,0.032928353492356274,0.006129405900598538,117.83393951277347,1.0,1.885295648339567e-27,9493,1121
temporal_grounding,model_x_arm,0.06465288427255982,,,,,,0.0004026580573701921,0.0004026580573701921,5.977050776088027,3.0,0.11273210862312241,9493,1121
domain_entropy,__full_model__,0.167990016934195,0.5250704603111072,0.3752515389788444,0.4291780755576224,0.002602885742839764,0.004333490187617133,,,,,,10518,1129
domain_entropy,task_context,0.036651044038795697,,,,,,0.036651044038795697,0.036158256124345256,102.14528559301195,10.0,2.0260273245435797e-17,10518,1129
domain_entropy,model_identity,0.05155742763797642,,,,,,0.014906383599180721,0.0062927399415808605,139.97022918749715,3.0,3.836003476551738e-30,10518,1129
domain_entropy,retrieval_arm,0.16702700856498212,,,,,,0.11546958092700571,0.021710387531927305,481.1521035069495,1.0,1.19963503647779e-106,10518,1129
domain_entropy,model_x_arm,0.167990016934195,,,,,,0.0009630083692128699,0.0009630083692128699,21.573661123024614,3.0,8.000711548621808e-05,10518,1129
compression_redundancy,__full_model__,0.2875685150121799,0.5467192729231753,0.24880422057564702,0.36375534121070735,0.0011430934825749205,0.0034512557608993143,,,,,,10519,1129
compression_redundancy,task_context,0.022886918172796474,,,,,,0.022886918172796474,0.023396835014918294,88.32513530744565,10.0,1.1498946081079727e-14,10519,1129
compression_redundancy,model_identity,0.04635557188547299,,,,,,0.023468653712676518,0.008860561204413753,209.57766903367195,3.0,3.5930029490705525e-45,10519,1129
compression_redundancy,retrieval_arm,0.2869731988088222,,,,,,0.24061762692334923,0.05082191347238654,1181.6721595634729,1.0,5.867804692635291e-259,10519,1129
compression_redundancy,model_x_arm,0.2875685150121799,,,,,,0.0005953162033576764,0.0005953162033576764,13.992662793832427,3.0,0.002915156997131357,10519,1129
judge,__full_model__,0.0325597863366884,0.5914419420303576,0.5853635416337188,0.5776916731395779,0.08606141963215243,0.06096075293424884,,,,,,10632,1129
judge,task_context,0.02881767215475618,,,,,,0.02881767215475618,0.028811588986506025,53.72581697666727,10.0,5.457465309086312e-08,10632,1129
judge,model_identity,0.03152153731281013,,,,,,0.002703865158053948,0.0018336792332727461,47.6657481391974,3.0,2.5084070133562594e-10,10632,1129
judge,retrieval_arm,0.03250412462017279,,,,,,0.0009825873073626631,6.000967247832972e-05,1.5947943420215918,1.0,0.20664249126941625,10632,1129
judge,model_x_arm,0.0325597863366884,,,,,,5.566171651560925e-05,5.566171651560925e-05,2.1007959180272837,3.0,0.5517517604841244,10632,1129
gated,__full_model__,0.031152806475155222,0.7761539670721578,0.7713087419221079,0.7689563076366572,0.18024754045051436,0.05344297886258972,,,,,,10632,1129
gated,task_context,0.028301790456607228,,,,,,0.028301790456607228,0.028017608353028182,41.75539478311781,10.0,8.288599750043005e-06,10632,1129
gated,model_identity,0.031112354550226907,,,,,,0.0028105640936196795,0.0015877416852594292,76.36761293795793,3.0,1.844834479993774e-16,10632,1129
gated,retrieval_arm,0.031116629578644504,,,,,,4.275028417596166e-06,-6.885664366115818e-08,0.02857703142440026,1.0,0.8657593395071752,10632,1129
gated,model_x_arm,0.031152806475155222,,,,,,3.6176896510718703e-05,3.6176896510718703e-05,0.3520937375135944,3.0,0.9499508902218883,10632,1129
